Club_x,Opp_x,win_prob,draw_prob,loss_prob,bet365_win,bet365_draw,bet365_loss,Buy_Home_Win,Buy_Draw,Buy_Home_Loss
BOU,BHA,0.1181265090893458,0.1952509094377912,0.6866225814728628,0.16666666666666666,0.23809523809523808,0.6521739130434783,No,No,No
CHE,LIV,0.3216642143306386,0.2582754234843257,0.4200603621850357,0.4,0.29411764705882354,0.35714285714285715,No,No,No
EVE,TOT,0.18765485474569,0.2210470686200927,0.5912980766342172,0.2857142857142857,0.3076923076923077,0.46511627906976744,No,No,Yes
LEI,AVL,0.3442234014744711,0.2670584643749752,0.3887181341505535,0.4,0.30303030303030304,0.35714285714285715,No,No,No
MUN,BRE,0.3950526540327969,0.2696889709606852,0.3352583750065178,0.625,0.25,0.18181818181818182,No,No,Yes
SOU,MCI,0.0770489459387446,0.1529127397350623,0.770038314326193,0.07692307692307693,0.18181818181818182,0.8,No,No,No
WHU,NEW,0.2350331616450751,0.2465322131997238,0.518434625155201,0.2777777777777778,0.3076923076923077,0.46511627906976744,No,No,No
