Club_x,Opp_x,win_prob,draw_prob,loss_prob,bet365_win,bet365_draw,bet365_loss,Buy_Home_Win,Buy_Draw,Buy_Home_Loss
BRE,NEW,0.2308375721585319,0.2488534586541148,0.5203089691873533,0.2631578947368421,0.2857142857142857,0.5128205128205128,No,No,No
FUL,WHU,0.3119432640965993,0.2744352650928901,0.4136214708105107,0.3448275862068966,0.3076923076923077,0.39215686274509803,No,No,No
LEE,CRY,0.3475948935106314,0.2782104005114874,0.3741947059778812,0.47619047619047616,0.29411764705882354,0.2777777777777778,No,No,No
LEI,BOU,0.5428385438872476,0.2396980765014725,0.2174633796112799,0.5238095238095238,0.26666666666666666,0.25,No,No,No
LIV,ARS,0.3521672532852448,0.2658488067017794,0.3819839400129757,0.35714285714285715,0.2777777777777778,0.42105263157894735,No,No,No
MUN,EVE,0.635305893698864,0.2112200740736544,0.1534740322274816,0.6521739130434783,0.23809523809523808,0.16666666666666666,No,No,No
SOU,MCI,0.0713493159990804,0.1471310386254005,0.7815196453755189,0.09090909090909091,0.18181818181818182,0.8,No,No,No
TOT,BHA,0.2646668890810746,0.2592354580636264,0.4760976528552988,0.36363636363636365,0.2777777777777778,0.40816326530612246,No,No,No
WOL,CHE,0.1491396588986858,0.2190201744484178,0.6318401666528964,0.2222222222222222,0.2777777777777778,0.5555555555555556,No,No,No
