Club_x,Opp_x,win_prob,draw_prob,loss_prob,bet365_win,bet365_draw,bet365_loss,Buy_Home_Win,Buy_Draw,Buy_Home_Loss
ARS,LEE,0.678936035212449,0.1942684016291153,0.1267955631584356,0.7692307692307693,0.19047619047619047,0.1111111111111111,No,No,No
BHA,BRE,0.47494954585549,0.2598788030083891,0.2651716511361209,0.6,0.2631578947368421,0.19047619047619047,No,No,No
BOU,FUL,0.2335667915521999,0.2499218888733105,0.5165113195744895,0.4,0.3076923076923077,0.36363636363636365,No,No,Yes
CHE,AVL,0.4630579449478473,0.2626840565259292,0.2742579985262234,0.625,0.2631578947368421,0.18181818181818182,No,No,No
CRY,LEI,0.3421685453555496,0.2680556271430556,0.3897758275013947,0.39215686274509803,0.3076923076923077,0.36363636363636365,No,No,No
EVE,TOT,0.1844768965974028,0.2204900340552471,0.59503306934735,0.3076923076923077,0.30303030303030304,0.46511627906976744,No,No,Yes
MCI,LIV,0.5264578903046512,0.2461487652849885,0.2273933444103603,0.6363636363636364,0.25,0.19047619047619047,No,No,No
NEW,MUN,0.3628476707626292,0.2688175884065537,0.3683347408308171,0.40816326530612246,0.30303030303030304,0.35714285714285715,No,No,No
WHU,SOU,0.5133871016868256,0.2489857437408465,0.2376271545723278,0.5789473684210527,0.2857142857142857,0.2,No,No,No
