Club_x,Opp_x,win_prob,draw_prob,loss_prob,bet365_win,bet365_draw,bet365_loss,Buy_Home_Win,Buy_Draw,Buy_Home_Loss
ARS,CRY,0.6708587388155608,0.2003117356036375,0.1288295255808016,0.8,0.17391304347826086,0.08333333333333333,No,No,No
AVL,BOU,0.5807416689524086,0.2319001550519892,0.1873581759956021,0.5882352941176471,0.2631578947368421,0.2,No,No,No
BRE,LEI,0.5193920820795601,0.2407008110352569,0.2399071068851829,0.5454545454545454,0.26666666666666666,0.2631578947368421,No,No,No
CHE,EVE,0.6441821851361954,0.2138848034461937,0.1419330114176109,0.6666666666666666,0.25,0.14285714285714285,No,No,No
SOU,TOT,0.1472109598276923,0.2142463631901366,0.638542676982171,0.23809523809523808,0.2777777777777778,0.5454545454545454,No,No,No
WOL,LEE,0.3568030243963948,0.2750281955023215,0.3681687801012836,0.4444444444444444,0.3125,0.30303030303030304,No,No,No
