Club_x,Opp_x,win_prob,draw_prob,loss_prob,bet365_win,bet365_draw,bet365_loss,Buy_Home_Win,Buy_Draw,Buy_Home_Loss
ARS,SOU,0.7156740844008062,0.1799978090208071,0.1043281065783867,0.8333333333333334,0.15384615384615385,0.058823529411764705,No,No,No
BOU,WHU,0.2298974768113741,0.2466303773485254,0.5234721458401005,0.34782608695652173,0.3076923076923077,0.4,No,No,Yes
BRE,AVL,0.3484123546046976,0.2709320870852746,0.3806555583100277,0.4,0.3076923076923077,0.34782608695652173,No,No,No
CRY,EVE,0.5538138103995504,0.2368236157928042,0.2093625738076455,0.5,0.3076923076923077,0.25,No,No,No
FUL,LEE,0.4303996109092887,0.2657209478604741,0.3038794412302372,0.43478260869565216,0.3076923076923077,0.3076923076923077,No,No,No
LEI,WOL,0.3890002299686496,0.2678709958090186,0.3431287742223318,0.4,0.30303030303030304,0.3448275862068966,No,No,No
NEW,TOT,0.4707646938448533,0.2601732901946453,0.2690620159605012,0.5454545454545454,0.26666666666666666,0.23809523809523808,No,No,No
