Club_x,Opp_x,win_prob,draw_prob,loss_prob,bet365_win,bet365_draw,bet365_loss,Buy_Home_Win,Buy_Draw,Buy_Home_Loss
LEE,CRY,0.3467803601018337,0.2780494655517088,0.3751701743464575,0.4878048780487805,0.2857142857142857,0.2777777777777778,No,No,No
LEI,BOU,0.5239556252453366,0.2441575823870981,0.2318867923675653,0.5555555555555556,0.2631578947368421,0.23076923076923078,No,No,No
LIV,ARS,0.3319953220888964,0.2628578085011134,0.4051468694099901,0.36363636363636365,0.2777777777777778,0.40816326530612246,No,No,No
MUN,BRE,0.3936380763301605,0.2731226196767232,0.3332393039931163,0.6190476190476191,0.25,0.19047619047619047,No,No,Yes
SOU,MCI,0.0803694923361682,0.1533988123393719,0.7662316953244598,0.07692307692307693,0.16,0.8181818181818182,No,No,No
TOT,BHA,0.2676567754918417,0.2585276421423503,0.4738155823658079,0.39215686274509803,0.2857142857142857,0.37037037037037035,No,No,Yes
WHU,NEW,0.2369063030305955,0.2492121265956113,0.5138815703737931,0.2631578947368421,0.3076923076923077,0.4878048780487805,No,No,No
WOL,CHE,0.1626595439119228,0.226165400175147,0.6111750559129301,0.25,0.2857142857142857,0.5128205128205128,No,No,No
