Club_x,Opp_x,win_prob,draw_prob,loss_prob,bet365_win,bet365_draw,bet365_loss,Buy_Home_Win,Buy_Draw,Buy_Home_Loss
ARS,CRY,0.6708584482669818,0.2003117961254067,0.1288297556076114,0.8,0.2,0.08333333333333333,No,No,No
AVL,BOU,0.5807416689524086,0.2319001550519892,0.1873581759956021,0.5882352941176471,0.2631578947368421,0.2,No,No,No
BRE,LEI,0.5193304185405979,0.2406761343673409,0.2399934470920611,0.5238095238095238,0.2777777777777778,0.26666666666666666,No,No,No
CHE,EVE,0.6441821851361954,0.2138848034461937,0.1419330114176109,0.6896551724137931,0.2222222222222222,0.15384615384615385,No,No,No
SOU,TOT,0.1472112057504901,0.2142464111368313,0.6385423831126785,0.2222222222222222,0.2777777777777778,0.5555555555555556,No,No,No
WOL,LEE,0.3564979961658184,0.2748486294473979,0.3686533743867836,0.4444444444444444,0.3125,0.30303030303030304,No,No,No
