Club_x,Opp_x,win_prob,draw_prob,loss_prob,bet365_win,bet365_draw,bet365_loss,Buy_Home_Win,Buy_Draw,Buy_Home_Loss
AVL,BOU,0.5796285005276337,0.22786168388902,0.181577587548076,0.5882352941176471,0.2631578947368421,0.2,No,No,No
BHA,CRY,0.6324510913824751,0.2063790941036106,0.1447676240546784,0.7142857142857143,0.2222222222222222,0.125,No,No,No
CHE,EVE,0.6315536678387146,0.215119807205015,0.1405292568570871,0.6896551724137931,0.2222222222222222,0.16666666666666666,No,No,No
SOU,BRE,0.1997407347522458,0.2254133553029096,0.5624275680940769,0.3225806451612903,0.3076923076923077,0.42105263157894735,No,No,Yes
WOL,LEE,0.3494302505757232,0.2773914388753808,0.370247863137349,0.4444444444444444,0.3125,0.29411764705882354,No,No,No
