Club_x,Opp_x,win_prob,draw_prob,loss_prob,bet365_win,bet365_draw,bet365_loss,Buy_Home_Win,Buy_Draw,Buy_Home_Loss
ARS,CHE,0.4376488030101727,0.2572891223228298,0.3050620746669973,0.6060606060606061,0.25,0.2,No,No,Yes
BHA,WOL,0.6312916056073908,0.2123051902684353,0.1564032041241737,0.6666666666666666,0.23076923076923078,0.15384615384615385,No,No,No
CRY,WHU,0.3568161230863768,0.2697459659652337,0.3734379109483895,0.38095238095238093,0.3225806451612903,0.36363636363636365,No,No,No
FUL,MCI,0.0804532279467841,0.1498702838635086,0.7696764881897071,0.08333333333333333,0.16666666666666666,0.8,No,No,No
LEI,EVE,0.5000484420456953,0.2516420921409389,0.2483094658133657,0.5,0.2857142857142857,0.26666666666666666,No,No,No
LIV,TOT,0.6021016326874613,0.2165147036634202,0.1813836636491184,0.6666666666666666,0.2222222222222222,0.17391304347826086,No,No,No
MUN,AVL,0.3817509183475719,0.2615034666061692,0.3567456150462589,0.5789473684210527,0.2564102564102564,0.21739130434782608,No,No,Yes
NEW,SOU,0.733728511181084,0.170516981682145,0.0957545071367709,0.7692307692307693,0.18181818181818182,0.09090909090909091,No,No,No
