Club_x,Opp_x,win_prob,draw_prob,loss_prob,bet365_win,bet365_draw,bet365_loss,Buy_Home_Win,Buy_Draw,Buy_Home_Loss
ARS,CRY,0.6606506029319928,0.2037022548652334,0.1356471422027736,0.8,0.17391304347826086,0.09090909090909091,No,No,No
BOU,FUL,0.2280602483923687,0.2481709032801737,0.5237688483274575,0.35714285714285715,0.30303030303030304,0.40816326530612246,No,No,Yes
CHE,AVL,0.4707294428567243,0.2625527842098263,0.2667177729334493,0.6060606060606061,0.26666666666666666,0.19047619047619047,No,No,No
EVE,TOT,0.1822141740131423,0.2221327282675539,0.5956530977193036,0.3076923076923077,0.30303030303030304,0.46511627906976744,No,No,Yes
