Club_x,Opp_x,win_prob,draw_prob,loss_prob,bet365_win,bet365_draw,bet365_loss,Buy_Home_Win,Buy_Draw,Buy_Home_Loss
AVL,NEW,0.2721349342000896,0.2611091028778191,0.4667559629220913,0.2857142857142857,0.30303030303030304,0.46511627906976744,No,No,No
CHE,BHA,0.3484491584568786,0.2608783107476016,0.3906725307955198,0.38461538461538464,0.30303030303030304,0.36363636363636365,No,No,No
EVE,FUL,0.34654991013196,0.2756211972975356,0.3778288925705043,0.5,0.3076923076923077,0.25,No,No,Yes
LEE,LIV,0.1195719543493835,0.189739548596754,0.6906884970538625,0.23076923076923078,0.25,0.5714285714285714,No,No,Yes
MCI,LEI,0.770951043895382,0.1488489303682617,0.0802000257363562,0.8571428571428571,0.11764705882352941,0.08333333333333333,No,No,No
SOU,CRY,0.2400757378303075,0.2523979564904545,0.507526305679238,0.37037037037037035,0.3125,0.37037037037037035,No,No,Yes
TOT,BOU,0.631282737308618,0.21420734889723,0.1545099137941519,0.6923076923076923,0.21052631578947367,0.15384615384615385,No,No,No
WHU,ARS,0.1755802675944551,0.2175059126204295,0.6069138197851154,0.17391304347826086,0.23809523809523808,0.6451612903225806,No,No,No
WOL,BRE,0.2231065171371762,0.2407156744809928,0.536177808381831,0.40816326530612246,0.3125,0.3333333333333333,No,No,Yes
