Club_x,Opp_x,win_prob,draw_prob,loss_prob,bet365_win,bet365_draw,bet365_loss,Buy_Home_Win,Buy_Draw,Buy_Home_Loss
AVL,BOU,0.579285346689138,0.2275894259422549,0.1820929470539973,0.5882352941176471,0.2631578947368421,0.2,No,No,No
BHA,CRY,0.6321851394197792,0.2064430140426824,0.1449774110602917,0.6923076923076923,0.23809523809523808,0.125,No,No,No
CHE,EVE,0.6319833153978333,0.2148550654835296,0.1402944838695438,0.6923076923076923,0.2222222222222222,0.15384615384615385,No,No,No
SOU,BRE,0.1996451940969044,0.2253329252184505,0.5625788581791445,0.34782608695652173,0.3076923076923077,0.4,No,No,Yes
WOL,LEE,0.3494900275646591,0.2772879294957175,0.3702823595795068,0.46511627906976744,0.3125,0.2857142857142857,No,No,No
